﻿<?xml version="1.0" encoding="utf-8" standalone="yes"?>
<MTE VER="1.8.6.2J000 $Revision: 3370 $">
  <SEQUENCE0>
    <SYSTEM>[DEFAULT]</SYSTEM>
    <POWER>[DEFAULT]</POWER>
    <DENSITY>[DEFAULT] : 0MB</DENSITY>
    <SPEED>[EE]</SPEED>
    <TECH>[DEFAULT]</TECH>
    <MEMO>
    </MEMO>
    <ILOCK>
      <NON_STOP index="3" option="" />
      <PREPRO index="4" option="" />
      <ENGR index="13" option="" />
      <MERGED index="16" option="" />
      <HALFLOCK index="22" option="" />
      <MULTI index="25" option="" />
    </ILOCK>
    <TESTS>
      <SKMDr option="/NST">
        <DUMMY option="COMMENT=OCP1_Block_Start" comment="" />
        <MTP2 option="NAME=_PMIC PMIC" comment="" />
        <MTP3 option="NAME=#33 PMICMR=33 PMICVERIFY=0" comment="" />
        <DUMMY option="COMMENT=OTR_Block_Start" comment="" />
        <XMC option="TTR NAME=NOR_BL8 BLK=8" comment="" />
        <DUMMY option="COMMENT=OCP1_Block_Start" comment="" />
        <MTP option="" comment="" />
        <MTP3 option="PMICMR=08 PMICVERIFY=0" comment="" />
      </SKMDr>
    </TESTS>
  </SEQUENCE0>
  <SEQUENCE1>
    <SYSTEM>[DEFAULT]</SYSTEM>
    <POWER>[DEFAULT]</POWER>
    <DENSITY>[DEFAULT] : 0MB</DENSITY>
    <SPEED>[GB]</SPEED>
    <TECH>[DEFAULT]</TECH>
    <MEMO>
    </MEMO>
    <ILOCK>
      <NON_STOP index="3" option="" />
      <PREPRO index="4" option="" />
      <HALFLOCK index="22" option="" />
      <MULTI index="25" option="" />
      <ENGR index="13" option="" />
      <MERGED index="16" option="" />
    </ILOCK>
    <TESTS>
      <SKMDr option="/NST">
        <DUMMY option="COMMENT=OCP1_Block_Start" comment="" />
        <MTP2 option="NAME=_PMIC PMIC" comment="" />
        <MTP3 option="NAME=#33 PMICMR=33 PMICVERIFY=0" comment="" />
        <DUMMY option="COMMENT=OTR_Block_Start" comment="" />
        <XMC option="TTR NAME=NOR_BL8 BLK=8" comment="" />
        <DUMMY option="COMMENT=OCP1_Block_Start" comment="" />
        <MTP option="" comment="" />
        <MTP3 option="PMICMR=08 PMICVERIFY=0" comment="" />
      </SKMDr>
    </TESTS>
  </SEQUENCE1>
  <SEQUENCE2>
    <SYSTEM>[DEFAULT]</SYSTEM>
    <POWER>[DEFAULT]</POWER>
    <DENSITY>[DEFAULT] : 0MB</DENSITY>
    <SPEED>[GE]</SPEED>
    <TECH>[DEFAULT]</TECH>
    <MEMO>
    </MEMO>
    <ILOCK>
      <NON_STOP index="3" option="" />
      <PREPRO index="4" option="" />
      <HALFLOCK index="22" option="" />
      <MULTI index="25" option="" />
      <ENGR index="13" option="" />
      <MERGED index="16" option="" />
    </ILOCK>
    <TESTS>
      <SKMDr option="/NST">
        <DUMMY option="COMMENT=OCP1_Block_Start" comment="" />
        <MTP2 option="NAME=_PMIC PMIC" comment="" />
        <MTP3 option="NAME=#33 PMICMR=33 PMICVERIFY=0" comment="" />
        <DUMMY option="COMMENT=OTR_Block_Start" comment="" />
        <XMC option="TTR NAME=NOR_BL8 BLK=8" comment="" />
        <DUMMY option="COMMENT=OCP1_Block_Start" comment="" />
        <MTP option="" comment="" />
        <MTP3 option="PMICMR=08 PMICVERIFY=0" comment="" />
      </SKMDr>
    </TESTS>
  </SEQUENCE2>
</MTE>