﻿<?xml version="1.0" encoding="utf-8" standalone="yes"?>
<MTE VER="1.8.5.6F1000 $Revision: 3370 $">
  <SEQUENCE0>
    <SYSTEM>[DEFAULT]</SYSTEM>
    <POWER>[DEFAULT]</POWER>
    <DENSITY>[DEFAULT] : 0MB</DENSITY>
    <SPEED>[DEFAULT]</SPEED>
    <TECH>[DEFAULT]</TECH>
    <MEMO>
    </MEMO>
    <ILOCK>
      <PRODUCT_SKIP index="10" option="" />
      <MERGED index="11" option="" />
      <COO_SKIP index="12" option="" />
      <ENGR index="15" option="" />
      <NOSPD index="18" option="" />
      <MTP_SKIP index="24" option="" />	 
    </ILOCK>
    <TESTS>
      <SKMDr option="/NST/NOCRC">
        <DUMMY option="COMMENT=#0_QMA_M_VERIFY_PGM" comment="" />
        <CLRMEM option="" comment="" />
        <LB64 option="TTR" comment="" />
        <RUN10 option="TTR" comment="" />
        <EXWTRD option="TTR" comment="" />
        <RDGAL option="TTR" comment="" />
        <XMATS option="TTR" comment="" />
        <RDBLK option="TTR" comment="" />
        <REF1 option="TTR" comment="" />
        <MARCH option="TTR" comment="" />
        <SBANK option="TTR" comment="" />
        <ADDR1 option="TTR" comment="" />
        <YDIST option="TTR" comment="" />
        <ADVMOV option="TTR" comment="" />
        <BTFLY option="TTR" comment="" />
        <SBANK2 option="TTR" comment="" />
        <WTRD option="TTR" comment="" />
        <REVB1 option="TTR" comment="" />
        <MOV option="TTR" comment="" />
        <INTEG1 option="TTR" comment="" />
        <INTEG2 option="TTR" comment="" />
        <MAR86 option="TTR" comment="" />
        <BFOS option="TTR" comment="" />
        <MTP option="" comment="" />
        <MTP option="" comment="" />
      </SKMDr>
    </TESTS>
  </SEQUENCE0>
</MTE>